<?xml version="1.0" encoding="UTF-8"?>
<IPPNIO xsi:noNamespaceSchemaLocation="IPPNIO.xsd" xmlns:xsi="http://www.w3.org/2001/XMLSchema-instance">
	<Version>
		<UUID ExCRC="1">80436223D8EC4B8B88ED0EDC03632124</UUID>
		<CfgBrokerVersion>18.630.0.2509</CfgBrokerVersion>
		<CRC CRCVal="4294892052" ExCRC="1"></CRC>
	</Version>
	<CtlrParas>
		<CtlrIP d1="192" d2="168" d3="0" d4="2" ExCRC="1"></CtlrIP>
		<CtlrMask d1="255" d2="255" d3="255" d4="0" ExCRC="1"></CtlrMask>
		<CtlrGate d1="192" d2="168" d3="0" d4="2" ExCRC="1"></CtlrGate>
		<StatN>axc-30503</StatN>
		<Station ExCRC="1"></Station>
		<DevName ExCRC="1"></DevName>
		<ModEquId ExCRC="1"></ModEquId>
		<FDCMLFile>ETHERNET\Phoenix Contact\AXC_3050_dtmv01_5.60.xml</FDCMLFile>
		<CEId>CommEnt_4</CEId>
	</CtlrParas>
	<ARs></ARs>
</IPPNIO>
